Message,Label
"Congratulations! You won a free prize. Claim now!","spam"
"Hi, are we meeting today?","ham"
"URGENT! You have won a cash reward. Click now!","spam"
"Can you send me the notes?","ham"
"Free entry in a competition. Text WIN to claim.","spam"
"Please call me when you are free.","ham"
"Exclusive offer! Get your free gift today.","spam"
"Your appointment is scheduled for tomorrow.","ham"
"You have been selected for a free vacation!","spam"
"Let's have lunch at 1 PM.","ham"
"Claim your prize now by clicking this link.","spam"
"Don't forget to bring your project report.","ham"
"Win a brand new phone for free! Claim your reward now.","spam"
"Can you please share today's class notes?","ham"
"Special discount available! Buy now and get a free gift.","spam"
"I will reach the college by 10 AM.","ham"
"Congratulations! You are selected for a cash bonus.","spam"
"Please send me the meeting details.","ham"
"Get a free coupon worth $500. Click to claim.","spam"
"Are you coming to the library today?","ham"
"Limited time offer! You have won a special reward.","spam"
"Please remind me about the assignment deadline.","ham"
"Free vacation offer! Call now to claim your prize.","spam"
"Can we discuss the project after lunch?","ham"
"URGENT! Claim your exclusive free reward today.","spam"
"Your exam is scheduled for Monday.","ham"
"You won a lucky draw! Send your details to claim.","spam"
"Please upload the project report before evening.","ham"
"Get free shopping vouchers now! Limited offer.","spam"
"Thank you for helping me with the assignment.","ham"
"Congratulations! Claim your free bonus now.","spam"
"Let's meet tomorrow to discuss the project.","ham"